"There are 3 tables on this tab, each with 2 sub-tables. The first table is called Table F.3.5.1: Provincial government health expenditure by use of funds, in millions of current dollars, Quebec, 1974–1975 to 2024–2025. The sub-table Expenditure by year begins in cell A5 and ends in cell N56. The sub-table Annual percentage change by year begins in cell A58 and ends in cell N109. The note is in cell A110 and the source is in cell A112. The second table is called Table F.3.5.2: Percentage distribution of provincial government health expenditure by use of funds, Quebec, 1974–1975 to 2024–2025. The sub-table Percentage by year begins in cell A116 and ends in cell N167. The sub-table Annual percentage change by year begins in cell A169 and ends in cell N220. The note is in cell A221 and the source is in cell A223. The third table is called Table F.3.5.3: Provincial government per capita health expenditure by use of funds, in current dollars, Quebec, 1974–1975 to 2024–2025. The sub-table Expenditure by year begins in cell A227 and ends in cell N278. The sub-table Annual percentage change by year begins in cell A280 and ends in cell N331. The note is in cell A332 and the source is in cell A334. There is a link back to the table of contents in cell A2.",,,,,,,,,,,,,
Back to Table of Contents,,,,,,,,,,,,,
"Table F.3.6.1  Provincial government health expenditure by use of funds in millions of current dollars, Ontario, 1974–1975 to 2024–2025",,,,,,,,,,,,,
Expenditure by year,,,,,,,,,,,,,
Year,Hospitals,"Other
Institutions",Physicians,"Other
Professionals",Drugs,Public Health,Administration,"Other Health Spending:
Home and Community
Care (HCC)","Other Health
Spending:
Net of HCC","COVID-19
Response Funding",Sub-Total,Capital,Total
1974–1975,"1,557.3",275.9,613.6,36.0,12.7,58.0,70.6,—,38.6,—,"2,662.8",104.4,"2,767.2"
1975–1976,"1,809.2",356.8,702.1,40.0,45.9,67.4,79.8,—,53.6,—,"3,154.7",114.2,"3,268.9"
1976–1977,"2,122.2",409.0,759.9,40.3,70.7,84.2,66.6,—,61.4,—,"3,614.4",112.6,"3,727.0"
1977–1978,"2,179.0",452.5,857.2,44.9,89.2,104.8,67.8,—,82.3,—,"3,877.7",118.8,"3,996.5"
1978–1979,"2,295.3",481.9,977.8,57.2,108.5,110.8,71.8,—,92.8,—,"4,196.1",110.9,"4,307.0"
1979–1980,"2,467.6",546.4,"1,033.5",63.5,127.2,144.9,95.6,—,102.7,—,"4,581.5",70.6,"4,652.1"
1980–1981,"2,759.2",609.3,"1,231.6",73.8,157.3,162.5,102.8,—,129.8,—,"5,226.3",109.1,"5,335.4"
1981–1982,"3,298.3",694.0,"1,433.7",82.8,197.2,185.3,110.2,—,165.3,—,"6,166.8",148.0,"6,314.8"
1982–1983,"3,841.6",802.9,"1,707.1",96.4,252.1,222.4,128.3,—,199.4,—,"7,250.4",117.1,"7,367.5"
1983–1984,"4,248.9",866.2,"1,984.8",112.3,304.1,236.5,124.7,—,225.4,—,"8,102.9",133.5,"8,236.4"
1984–1985,"4,579.9",896.0,"2,233.1",126.5,348.3,248.8,123.9,—,248.8,—,"8,805.4",218.0,"9,023.4"
1985–1986,"4,956.9",948.2,"2,521.1",141.1,416.4,272.7,127.6,—,323.3,—,"9,707.3",280.6,"9,987.9"
1986–1987,"5,486.4","1,025.2","2,948.0",155.5,502.8,322.5,144.3,—,439.5,—,"11,024.2",306.7,"11,330.9"
1987–1988,"5,914.6","1,183.4","3,378.0",170.7,598.3,367.9,151.8,—,489.0,—,"12,253.8",240.4,"12,494.2"
1988–1989,"6,454.1","1,293.3","3,658.2",184.4,685.7,409.1,159.5,—,585.0,—,"13,429.4",457.9,"13,887.3"
1989–1990,"7,355.3","1,404.4","3,899.1",203.0,770.8,477.5,178.8,—,688.1,—,"14,977.0",476.9,"15,454.0"
1990–1991,"7,569.8","1,490.0","4,256.3",215.1,918.0,548.1,227.3,—,790.6,—,"16,015.1",427.6,"16,442.8"
1991–1992,"8,554.8","1,695.0","4,853.8",230.4,"1,044.2",583.8,207.5,—,907.6,—,"18,077.2",399.1,"18,476.3"
1992–1993,"8,535.6","1,894.4","4,700.6",235.1,"1,230.0",645.9,182.4,—,"1,060.4",—,"18,484.6",430.5,"18,915.0"
1993–1994,"8,447.4","1,677.7","4,540.7",229.5,"1,254.0",689.4,174.0,—,"1,064.7",—,"18,077.4",473.4,"18,550.8"
1994–1995,"8,231.3","1,708.9","4,682.1",223.1,"1,229.7",841.1,182.4,—,"1,111.5",—,"18,210.2",562.4,"18,772.6"
1995–1996,"8,135.6","1,680.6","4,453.6",221.1,"1,429.5",869.9,168.3,—,"1,010.8",—,"17,969.4",516.8,"18,486.2"
1996–1997,"8,369.0","1,662.7","4,579.6",247.1,"1,340.4",894.6,171.1,—,998.1,—,"18,262.6",532.9,"18,795.6"
1997–1998,"7,757.4","1,737.2","4,977.4",272.8,"1,430.0","1,020.6",199.6,—,"1,124.6",—,"18,519.7",599.0,"19,118.7"
1998–1999,"8,514.4","1,897.6","5,064.1",250.0,"1,590.0","1,135.9",252.8,—,"1,197.0",—,"19,901.9",623.9,"20,525.8"
1999–2000,"8,934.7","2,059.1","5,265.7",254.5,"1,736.7","1,129.9",287.8,—,"1,422.6",—,"21,091.0",872.7,"21,963.7"
2000–2001,"10,279.8","2,178.9","5,631.9",265.8,"2,012.2","1,270.0",280.3,—,"1,514.7",—,"23,433.5","1,114.3","24,547.7"
2001–2002,"10,245.7","2,365.9","5,896.6",287.9,"2,279.4","1,495.2",336.8,—,"1,388.8",—,"24,296.3","1,192.7","25,489.1"
2002–2003,"11,401.7","2,614.1","6,102.0",297.3,"2,621.8","1,615.5",408.8,—,"1,522.7",—,"26,583.9","1,320.3","27,904.2"
2003–2004,"12,457.6","2,999.0","6,659.0",312.8,"2,898.6","2,293.8",437.1,—,"1,507.3",—,"29,565.3","1,576.0","31,141.3"
2004–2005,"13,667.7","3,567.8","7,146.9",300.2,"3,221.6","1,890.8",453.9,—,"1,297.0",—,"31,546.0","1,634.6","33,180.5"
2005–2006 ,"14,025.0","3,852.2","7,850.2",160.5,"3,511.4","2,485.7",478.9,—,"1,473.7",—,"33,837.6","1,626.0","35,463.6"
2006–2007 ,"14,960.4","4,059.1","8,547.9",187.1,"3,753.9","2,566.0",534.9,—,"1,565.5",—,"36,174.9","1,763.6","37,938.5"
2007–2008,"15,762.1","4,350.0","9,301.4",241.9,"3,833.6","2,701.7",587.9,—,"1,687.4",—,"38,465.8","1,934.7","40,400.5"
2008–2009 ,"16,697.7","4,588.2","10,212.7",293.9,"4,139.6","2,882.3",404.9,—,"2,026.7",—,"41,246.0","2,090.6","43,336.6"
2009–2010,"17,372.7","4,757.8","10,910.0",339.3,"4,494.5","3,105.7",409.5,—,"1,982.9",—,"43,372.4","2,623.6","45,996.0"
2010–2011 ,"18,038.3","4,976.9","11,612.4",375.3,"4,308.1","3,229.9",439.7,—,"2,064.3",—,"45,044.9","2,980.6","48,025.6"
2011–2012,"18,716.6","5,196.1","12,237.5",415.7,"4,405.9","3,447.8",408.5,—,"2,197.2",—,"47,025.2","2,389.9","49,415.1"
2012–2013 ,"19,072.0","4,867.3","12,456.2",455.7,"4,369.3","3,434.1",433.4,"3,058.4","1,418.5",—,"49,564.9","2,473.8","52,038.7"
2013–2014 ,"19,839.6","5,033.6","12,667.6",362.3,"4,486.4","2,961.3",457.7,"3,296.1","1,428.8",—,"50,533.5","2,166.7","52,700.2"
2014–2015,"20,031.9","5,200.0","13,148.7",317.8,"4,842.5","3,147.2",477.6,"3,493.1","1,497.5",—,"52,156.4","2,254.5","54,410.9"
2015–2016,"20,244.2","5,354.1","13,204.9",331.2,"5,115.8","3,279.2",538.7,"3,642.1","1,540.8",—,"53,251.1","2,569.5","55,820.6"
2016–2017,"20,813.2","5,427.8","13,496.7",348.1,"4,952.2","3,465.7",571.7,"3,830.2","1,538.6",—,"54,444.3","2,516.1","56,960.4"
2017–2018,"21,553.7","5,603.0","14,095.8",356.7,"5,365.5","3,639.4",698.8,"3,770.8","1,635.2",—,"56,718.9","2,332.6","59,051.4"
2018–2019,"22,489.5","5,923.5","14,610.9",374.3,"5,760.7","3,769.3",685.2,"3,986.1","1,700.4",—,"59,299.9","2,247.0","61,546.9"
2019–2020,"22,928.3","6,072.5","15,519.9",388.9,"5,770.8","4,351.3",630.2,"4,124.4","1,743.5",53.3,"61,583.0","2,352.2","63,935.2"
2020–2021,"24,187.2","6,445.2","14,848.2",358.6,"5,973.7","4,364.3",438.3,"4,232.0","1,658.0","8,706.3","71,211.7","3,433.0","74,644.7"
2021–2022,"24,380.7","7,253.0","16,245.5",426.3,"6,444.4","4,858.5",412.3,"4,414.4","1,849.3","9,415.7","75,700.0","2,671.2","78,371.2"
2022–2023,"28,319.9","9,279.8","17,537.1",502.2,"6,732.3","7,029.0",622.5,"5,055.3","2,013.0",—,"77,091.1","3,161.9","80,253.0"
2023–2024 f,"29,075.9","10,469.9","18,124.6",514.1,"6,989.2","5,946.5",617.8,"5,344.5","2,067.9",—,"79,150.4","2,731.1","81,881.5"
2024–2025 f,"31,719.6","11,481.8","18,158.8",513.5,"6,940.1","5,742.9",622.0,"5,826.6","2,215.1",—,"83,220.2","3,124.9","86,345.1"
Annual percentage change by year,,,,,,,,,,,,,
Year ,Hospitals,"Other
Institutions",Physicians,"Other
Professionals",Drugs,Public Health,Administration,"Other Health Spending:
Home and Community
Care (HCC)","Other Health
Spending:
Net of HCC","COVID-19
Response Funding",Sub-Total,Capital,Total
1974–1975,—,—,—,—,—,—,—,—,—,—,—,—,—
1975–1976,16.2,29.3,14.4,11.1,261.5,16.1,12.9,—,38.6,—,18.5,9.4,18.1
1976–1977,17.3,14.6,8.2,0.8,54.1,24.9,-16.5,—,14.7,—,14.6,-1.4,14.0
1977–1978,2.7,10.6,12.8,11.3,26.2,24.4,1.8,—,34.0,—,7.3,5.5,7.2
1978–1979,5.3,6.5,14.1,27.4,21.6,5.8,6.0,—,12.8,—,8.2,-6.7,7.8
1979–1980,7.5,13.4,5.7,11.0,17.3,30.7,33.1,—,10.7,—,9.2,-36.4,8.0
1980–1981,11.8,11.5,19.2,16.3,23.6,12.2,7.5,—,26.3,—,14.1,54.6,14.7
1981–1982,19.5,13.9,16.4,12.1,25.4,14.1,7.2,—,27.3,—,18.0,35.6,18.4
1982–1983,16.5,15.7,19.1,16.5,27.9,20.0,16.4,—,20.6,—,17.6,-20.9,16.7
1983–1984,10.6,7.9,16.3,16.4,20.6,6.3,-2.8,—,13.0,—,11.8,14.0,11.8
1984–1985,7.8,3.4,12.5,12.7,14.5,5.2,-0.6,—,10.4,—,8.7,63.2,9.6
1985–1986,8.2,5.8,12.9,11.6,19.6,9.6,3.0,—,30.0,—,10.2,28.7,10.7
1986–1987,10.7,8.1,16.9,10.2,20.7,18.3,13.1,—,35.9,—,13.6,9.3,13.4
1987–1988,7.8,15.4,14.6,9.8,19.0,14.1,5.2,—,11.3,—,11.2,-21.6,10.3
1988–1989,9.1,9.3,8.3,8.1,14.6,11.2,5.1,—,19.6,—,9.6,90.5,11.2
1989–1990,14.0,8.6,6.6,10.1,12.4,16.7,12.1,—,17.6,—,11.5,4.1,11.3
1990–1991,2.9,6.1,9.2,6.0,19.1,14.8,27.1,—,14.9,—,6.9,-10.3,6.4
1991–1992,13.0,13.8,14.0,7.1,13.8,6.5,-8.7,—,14.8,—,12.9,-6.7,12.4
1992–1993,-0.2,11.8,-3.2,2.0,17.8,10.6,-12.1,—,16.8,—,2.3,7.9,2.4
1993–1994,-1.0,-11.4,-3.4,-2.4,1.9,6.7,-4.6,—,0.4,—,-2.2,10.0,-1.9
1994–1995,-2.6,1.9,3.1,-2.8,-1.9,22.0,4.9,—,4.4,—,0.7,18.8,1.2
1995–1996,-1.2,-1.7,-4.9,-0.9,16.2,3.4,-7.8,—,-9.1,—,-1.3,-8.1,-1.5
1996–1997,2.9,-1.1,2.8,11.8,-6.2,2.8,1.7,—,-1.3,—,1.6,3.1,1.7
1997–1998,-7.3,4.5,8.7,10.4,6.7,14.1,16.7,—,12.7,—,1.4,12.4,1.7
1998–1999,9.8,9.2,1.7,-8.3,11.2,11.3,26.6,—,6.4,—,7.5,4.2,7.4
1999–2000,4.9,8.5,4.0,1.8,9.2,-0.5,13.8,—,18.8,—,6.0,39.9,7.0
2000–2001,15.1,5.8,7.0,4.4,15.9,12.4,-2.6,—,6.5,—,11.1,27.7,11.8
2001–2002,-0.3,8.6,4.7,8.3,13.3,17.7,20.2,—,-8.3,—,3.7,7.0,3.8
2002–2003,11.3,10.5,3.5,3.3,15.0,8.0,21.4,—,9.6,—,9.4,10.7,9.5
2003–2004,9.3,14.7,9.1,5.2,10.6,42.0,6.9,—,-1.0,—,11.2,19.4,11.6
2004–2005,9.7,19.0,7.3,-4.0,11.1,-17.6,3.8,—,-14.0,—,6.7,3.7,6.5
2005–2006 ,2.6,8.0,9.8,-46.5,9.0,31.5,5.5,—,13.6,—,7.3,-0.5,6.9
2006–2007 ,6.7,5.4,8.9,16.5,6.9,3.2,11.7,—,6.2,—,6.9,8.5,7.0
2007–2008 ,5.4,7.2,8.8,29.3,2.1,5.3,9.9,—,7.8,—,6.3,9.7,6.5
2008–2009 ,5.9,5.5,9.8,21.5,8.0,6.7,-31.1,—,20.1,—,7.2,8.1,7.3
2009–2010,4.0,3.7,6.8,15.4,8.6,7.8,1.1,—,-2.2,—,5.2,25.5,6.1
2010–2011 ,3.8,4.6,6.4,10.6,-4.1,4.0,7.4,—,4.1,—,3.9,13.6,4.4
2011–2012,3.8,4.4,5.4,10.7,2.3,6.7,-7.1,—,6.4,—,4.4,-19.8,2.9
2012–2013 ,1.9,-6.3,1.8,9.6,-0.8,-0.4,6.1,—,-35.4,—,5.4,3.5,5.3
2013–2014 ,4.0,3.4,1.7,-20.5,2.7,-13.8,5.6,7.8,0.7,—,2.0,-12.4,1.3
2014–2015,1.0,3.3,3.8,-12.3,7.9,6.3,4.3,6.0,4.8,—,3.2,4.1,3.2
2015–2016,1.1,3.0,0.4,4.2,5.6,4.2,12.8,4.3,2.9,—,2.1,14.0,2.6
2016–2017,2.8,1.4,2.2,5.1,-3.2,5.7,6.1,5.2,-0.1,—,2.2,-2.1,2.0
2017–2018,3.6,3.2,4.4,2.5,8.3,5.0,22.2,-1.6,6.3,—,4.2,-7.3,3.7
2018–2019,4.3,5.7,3.7,4.9,7.4,3.6,-1.9,5.7,4.0,—,4.6,-3.7,4.2
2019–2020,2.0,2.5,6.2,3.9,0.2,15.4,-8.0,3.5,2.5,—,3.9,4.7,3.9
2020–2021,5.5,6.1,-4.3,-7.8,3.5,0.3,-30.4,2.6,-4.9,"16,245.8",15.6,46.0,16.8
2021–2022,0.8,12.5,9.4,18.9,7.9,11.3,-5.9,4.3,11.5,8.1,6.3,-22.2,5.0
2022–2023,16.2,27.9,8.0,17.8,4.5,44.7,51.0,14.5,8.9,—,1.8,18.4,2.4
2023–2024 f,2.7,12.8,3.4,2.4,3.8,-15.4,-0.8,5.7,2.7,—,2.7,-13.6,2.0
2024–2025 f,9.1,9.7,0.2,-0.1,-0.7,-3.4,0.7,9.0,7.1,—,5.1,14.4,5.5
Notes,,,,,,,,,,,,,
"f: Forecast
Sub-total equals Total minus Capital.
Prior to 2012-2013, home and community care spending data cannot be separated out and is embedded in Other health spending: net of HCC.
COVID-19 Response Funding: Government-budgeted funding for health-related activities as a time-limited emergency response to the COVID-19 pandemic. See more details in the NHEX Methodology Notes.
The federal COVID-19 response funding transfers to the provinces/territories are included in the provincial/territorial government sector.",,,,,,,,,,,,,
Source,,,,,,,,,,,,,
"National Health Expenditure Database, 2024, Canadian Institute for Health Information.",,,,,,,,,,,,,
"Table F.3.6.2  Percentage distribution of provincial government health expenditure by use of funds, Ontario, 1974–1975 to 2024–2025",,,,,,,,,,,,,
Percentage by year,,,,,,,,,,,,,
Year ,Hospitals,"Other
Institutions",Physicians,"Other
Professionals",Drugs,Public Health,Administration,"Other Health Spending:
Home and Community
Care (HCC)","Other Health
Spending:
Net of HCC","COVID-19
Response Funding",Sub-Total,Capital,Total
1974–1975,56.3,10.0,22.2,1.3,0.5,2.1,2.6,—,1.4,—,96.2,3.8,100.0
1975–1976,55.3,10.9,21.5,1.2,1.4,2.1,2.4,—,1.6,—,96.5,3.5,100.0
1976–1977,56.9,11.0,20.4,1.1,1.9,2.3,1.8,—,1.6,—,97.0,3.0,100.0
1977–1978,54.5,11.3,21.4,1.1,2.2,2.6,1.7,—,2.1,—,97.0,3.0,100.0
1978–1979,53.3,11.2,22.7,1.3,2.5,2.6,1.7,—,2.2,—,97.4,2.6,100.0
1979–1980,53.0,11.7,22.2,1.4,2.7,3.1,2.1,—,2.2,—,98.5,1.5,100.0
1980–1981,51.7,11.4,23.1,1.4,2.9,3.0,1.9,—,2.4,—,98.0,2.0,100.0
1981–1982,52.2,11.0,22.7,1.3,3.1,2.9,1.7,—,2.6,—,97.7,2.3,100.0
1982–1983,52.1,10.9,23.2,1.3,3.4,3.0,1.7,—,2.7,—,98.4,1.6,100.0
1983–1984,51.6,10.5,24.1,1.4,3.7,2.9,1.5,—,2.7,—,98.4,1.6,100.0
1984–1985,50.8,9.9,24.7,1.4,3.9,2.8,1.4,—,2.8,—,97.6,2.4,100.0
1985–1986,49.6,9.5,25.2,1.4,4.2,2.7,1.3,—,3.2,—,97.2,2.8,100.0
1986–1987,48.4,9.0,26.0,1.4,4.4,2.8,1.3,—,3.9,—,97.3,2.7,100.0
1987–1988,47.3,9.5,27.0,1.4,4.8,2.9,1.2,—,3.9,—,98.1,1.9,100.0
1988–1989,46.5,9.3,26.3,1.3,4.9,2.9,1.1,—,4.2,—,96.7,3.3,100.0
1989–1990,47.6,9.1,25.2,1.3,5.0,3.1,1.2,—,4.5,—,96.9,3.1,100.0
1990–1991,46.0,9.1,25.9,1.3,5.6,3.3,1.4,—,4.8,—,97.4,2.6,100.0
1991–1992,46.3,9.2,26.3,1.2,5.7,3.2,1.1,—,4.9,—,97.8,2.2,100.0
1992–1993,45.1,10.0,24.9,1.2,6.5,3.4,1.0,—,5.6,—,97.7,2.3,100.0
1993–1994,45.5,9.0,24.5,1.2,6.8,3.7,0.9,—,5.7,—,97.4,2.6,100.0
1994–1995,43.8,9.1,24.9,1.2,6.6,4.5,1.0,—,5.9,—,97.0,3.0,100.0
1995–1996,44.0,9.1,24.1,1.2,7.7,4.7,0.9,—,5.5,—,97.2,2.8,100.0
1996–1997,44.5,8.8,24.4,1.3,7.1,4.8,0.9,—,5.3,—,97.2,2.8,100.0
1997–1998,40.6,9.1,26.0,1.4,7.5,5.3,1.0,—,5.9,—,96.9,3.1,100.0
1998–1999,41.5,9.2,24.7,1.2,7.7,5.5,1.2,—,5.8,—,97.0,3.0,100.0
1999–2000,40.7,9.4,24.0,1.2,7.9,5.1,1.3,—,6.5,—,96.0,4.0,100.0
2000–2001,41.9,8.9,22.9,1.1,8.2,5.2,1.1,—,6.2,—,95.5,4.5,100.0
2001–2002,40.2,9.3,23.1,1.1,8.9,5.9,1.3,—,5.4,—,95.3,4.7,100.0
2002–2003,40.9,9.4,21.9,1.1,9.4,5.8,1.5,—,5.5,—,95.3,4.7,100.0
2003–2004,40.0,9.6,21.4,1.0,9.3,7.4,1.4,—,4.8,—,94.9,5.1,100.0
2004–2005,41.2,10.8,21.5,0.9,9.7,5.7,1.4,—,3.9,—,95.1,4.9,100.0
2005–2006 ,39.5,10.9,22.1,0.5,9.9,7.0,1.4,—,4.2,—,95.4,4.6,100.0
2006–2007 ,39.4,10.7,22.5,0.5,9.9,6.8,1.4,—,4.1,—,95.4,4.6,100.0
2007–2008 ,39.0,10.8,23.0,0.6,9.5,6.7,1.5,—,4.2,—,95.2,4.8,100.0
2008–2009 ,38.5,10.6,23.6,0.7,9.6,6.7,0.9,—,4.7,—,95.2,4.8,100.0
2009–2010 ,37.8,10.3,23.7,0.7,9.8,6.8,0.9,—,4.3,—,94.3,5.7,100.0
2010–2011 ,37.6,10.4,24.2,0.8,9.0,6.7,0.9,—,4.3,—,93.8,6.2,100.0
2011–2012,37.9,10.5,24.8,0.8,8.9,7.0,0.8,—,4.4,—,95.2,4.8,100.0
2012–2013 ,36.6,9.4,23.9,0.9,8.4,6.6,0.8,5.9,2.7,—,95.2,4.8,100.0
2013–2014 ,37.6,9.6,24.0,0.7,8.5,5.6,0.9,6.3,2.7,—,95.9,4.1,100.0
2014–2015,36.8,9.6,24.2,0.6,8.9,5.8,0.9,6.4,2.8,—,95.9,4.1,100.0
2015–2016,36.3,9.6,23.7,0.6,9.2,5.9,1.0,6.5,2.8,—,95.4,4.6,100.0
2016–2017,36.5,9.5,23.7,0.6,8.7,6.1,1.0,6.7,2.7,—,95.6,4.4,100.0
2017–2018,36.5,9.5,23.9,0.6,9.1,6.2,1.2,6.4,2.8,—,96.0,4.0,100.0
2018–2019,36.5,9.6,23.7,0.6,9.4,6.1,1.1,6.5,2.8,—,96.3,3.7,100.0
2019–2020,35.9,9.5,24.3,0.6,9.0,6.8,1.0,6.5,2.7,0.1,96.3,3.7,100.0
2020–2021,32.4,8.6,19.9,0.5,8.0,5.8,0.6,5.7,2.2,11.7,95.4,4.6,100.0
2021–2022,31.1,9.3,20.7,0.5,8.2,6.2,0.5,5.6,2.4,12.0,96.6,3.4,100.0
2022–2023,35.3,11.6,21.9,0.6,8.4,8.8,0.8,6.3,2.5,—,96.1,3.9,100.0
2023–2024 f,35.5,12.8,22.1,0.6,8.5,7.3,0.8,6.5,2.5,—,96.7,3.3,100.0
2024–2025 f,36.7,13.3,21.0,0.6,8.0,6.7,0.7,6.7,2.6,—,96.4,3.6,100.0
Annual percentage change by year,,,,,,,,,,,,,
Year ,Hospitals,"Other
Institutions",Physicians,"Other
Professionals",Drugs,Public Health,Administration,"Other Health Spending:
Home and Community
Care (HCC)","Other Health
Spending:
Net of HCC","COVID-19
Response Funding",Sub-Total,Capital,Total
1974–1975,—,—,—,—,—,—,—,—,—,—,—,—,—
1975–1976,-1.7,9.5,-3.1,-6.0,206.1,-1.7,-4.4,—,17.4,—,0.3,-7.4,—
1976–1977,2.9,0.5,-5.1,-11.5,35.1,9.6,-26.8,—,0.6,—,0.5,-13.5,—
1977–1978,-4.3,3.2,5.2,3.8,17.7,16.0,-5.1,—,25.0,—,0.0,-1.6,—
1978–1979,-2.3,-1.2,5.8,18.2,12.8,-1.8,-1.7,—,4.6,—,0.4,-13.4,—
1979–1980,-0.5,5.0,-2.1,2.7,8.6,21.0,23.3,—,2.5,—,1.1,-41.1,—
1980–1981,-2.5,-2.8,3.9,1.4,7.8,-2.2,-6.3,—,10.2,—,-0.5,34.8,—
1981–1982,1.0,-3.8,-1.6,-5.3,5.9,-3.6,-9.4,—,7.6,—,-0.3,14.6,—
1982–1983,-0.2,-0.8,2.1,-0.1,9.6,2.9,-0.2,—,3.4,—,0.8,-32.2,—
1983–1984,-1.1,-3.5,4.0,4.1,7.9,-4.9,-13.1,—,1.1,—,0.0,2.0,—
1984–1985,-1.6,-5.6,2.7,2.8,4.6,-4.0,-9.3,—,0.7,—,-0.8,49.0,—
1985–1986,-2.2,-4.4,2.0,0.8,8.0,-1.0,-7.0,—,17.4,—,-0.4,16.3,—
1986–1987,-2.4,-4.7,3.1,-2.9,6.4,4.3,-0.3,—,19.8,—,0.1,-3.7,—
1987–1988,-2.2,4.7,3.9,-0.5,7.9,3.5,-4.6,—,0.9,—,0.8,-28.9,—
1988–1989,-1.8,-1.7,-2.6,-2.8,3.1,0.0,-5.5,—,7.6,—,-1.4,71.4,—
1989–1990,2.4,-2.4,-4.2,-1.1,1.0,4.9,0.7,—,5.7,—,0.2,-6.4,—
1990–1991,-3.3,-0.3,2.6,-0.4,11.9,7.9,19.5,—,8.0,—,0.5,-15.7,—
1991–1992,0.6,1.2,1.5,-4.7,1.2,-5.2,-18.8,—,2.2,—,0.5,-16.9,—
1992–1993,-2.5,9.2,-5.4,-0.3,15.1,8.1,-14.1,—,14.1,—,-0.1,5.4,—
1993–1994,0.9,-9.7,-1.5,-0.5,4.0,8.8,-2.8,—,2.4,—,-0.3,12.1,—
1994–1995,-3.7,0.7,1.9,-3.9,-3.1,20.6,3.6,—,3.2,—,-0.5,17.4,—
1995–1996,0.4,-0.1,-3.4,0.6,18.0,5.0,-6.3,—,-7.6,—,0.2,-6.7,—
1996–1997,1.2,-2.7,1.1,9.9,-7.8,1.1,0.0,—,-2.9,—,0.0,1.4,—
1997–1998,-8.9,2.7,6.8,8.5,4.9,12.2,14.7,—,10.8,—,-0.3,10.5,—
1998–1999,2.2,1.7,-5.2,-14.6,3.6,3.7,17.9,—,-0.9,—,0.1,-3.0,—
1999–2000,-1.9,1.4,-2.8,-4.9,2.1,-7.0,6.4,—,11.1,—,-1.0,30.7,—
2000–2001,2.9,-5.3,-4.3,-6.6,3.7,0.6,-12.9,—,-4.7,—,-0.6,14.2,—
2001–2002,-4.0,4.6,0.8,4.3,9.1,13.4,15.7,—,-11.7,—,-0.1,3.1,—
2002–2003,1.7,0.9,-5.5,-5.7,5.1,-1.3,10.9,—,0.2,—,-0.1,1.1,—
2003–2004,-2.1,2.8,-2.2,-5.7,-0.9,27.2,-4.2,—,-11.3,—,-0.3,7.0,—
2004–2005,3.0,11.7,0.7,-9.9,4.3,-22.6,-2.5,—,-19.2,—,0.1,-2.7,—
2005–2006 ,-4.0,1.0,2.8,-50.0,2.0,23.0,-1.3,—,6.3,—,0.4,-6.9,—
2006–2007 ,-0.3,-1.5,1.8,8.9,-0.1,-3.5,4.4,—,-0.7,—,-0.1,1.4,—
2007–2008 ,-1.1,0.6,2.2,21.4,-4.1,-1.1,3.2,—,1.2,—,-0.1,3.0,—
2008–2009,-1.2,-1.7,2.4,13.3,0.7,-0.5,-35.8,—,12.0,—,0.0,0.7,—
2009–2010 ,-2.0,-2.3,0.7,8.7,2.3,1.5,-4.7,—,-7.8,—,-0.9,18.2,—
2010–2011 ,-0.6,0.2,1.9,6.0,-8.2,-0.4,2.8,—,-0.3,—,-0.5,8.8,—
2011–2012 ,0.8,1.5,2.4,7.6,-0.6,3.7,-9.7,—,3.4,—,1.5,-22.1,—
2012–2013 ,-3.2,-11.0,-3.3,4.1,-5.8,-5.4,0.7,—,-38.7,—,0.1,-1.7,—
2013–2014 ,2.7,2.1,0.4,-21.5,1.4,-14.9,4.3,6.4,-0.5,—,0.7,-13.5,—
2014–2015,-2.2,0.1,0.5,-15.0,4.5,2.9,1.1,2.6,1.5,—,0.0,0.8,—
2015–2016,-1.5,0.4,-2.1,1.6,3.0,1.6,10.0,1.6,0.3,—,-0.5,11.1,—
2016–2017,0.8,-0.7,0.2,3.0,-5.1,3.6,4.0,3.1,-2.1,—,0.2,-4.0,—
2017–2018,-0.1,-0.4,0.7,-1.1,4.5,1.3,17.9,-5.0,2.5,—,0.5,-10.6,—
2018–2019,0.1,1.4,-0.5,0.7,3.0,-0.6,-5.9,1.4,-0.2,—,0.3,-7.6,—
2019–2020,-1.9,-1.3,2.3,0.0,-3.6,11.1,-11.5,-0.4,-1.3,—,0.0,0.8,—
2020–2021,-9.6,-9.1,-18.1,-21.0,-11.3,-14.1,-40.4,-12.1,-18.5,"13,900.6",-1.0,25.0,—
2021–2022,-4.0,7.2,4.2,13.2,2.8,6.0,-10.4,-0.6,6.2,3.0,1.2,-25.9,—
2022–2023,13.4,24.9,5.4,15.1,2.0,41.3,47.4,11.8,6.3,—,-0.6,15.6,—
2023–2024 f,0.6,10.6,1.3,0.3,1.8,-17.1,-2.7,3.6,0.7,—,0.6,-15.3,—
2024–2025 f,3.5,4.0,-5.0,-5.3,-5.8,-8.4,-4.5,3.4,1.6,—,-0.3,8.5,—
Notes,,,,,,,,,,,,,
"f: Forecast
Sub-total equals Total minus Capital.
Prior to 2012-2013, home and community care spending data cannot be separated out and is embedded in Other health spending: net of HCC.
COVID-19 Response Funding: Government-budgeted funding for health-related activities as a time-limited emergency response to the COVID-19 pandemic. See more details in the NHEX Methodology Notes.
The federal COVID-19 response funding transfers to the provinces/territories are included in the provincial/territorial government sector.",,,,,,,,,,,,,
Source,,,,,,,,,,,,,
"National Health Expenditure Database, 2024, Canadian Institute for Health Information.",,,,,,,,,,,,,
"Table F.3.6.3  Provincial government per capita health expenditure by use of funds in current dollars, Ontario, 1974–1975 to 2024–2025",,,,,,,,,,,,,
Expenditure by year,,,,,,,,,,,,,
Year ,Hospitals,"Other
Institutions",Physicians,"Other
Professionals",Drugs,Public Health,Administration,"Other Health Spending:
Home and Community
Care (HCC)","Other Health
Spending:
Net of HCC","COVID-19
Response Funding",Sub-Total,Capital,Total
1974–1975,188.99,33.48,74.47,4.37,1.54,7.04,8.57,—,4.69,—,323.15,12.67,335.82
1975–1976,216.59,42.72,84.06,4.79,5.49,8.07,9.55,—,6.41,—,377.67,13.68,391.35
1976–1977,251.49,48.46,90.05,4.78,8.38,9.98,7.89,—,7.28,—,428.31,13.34,441.65
1977–1978,255.44,53.05,100.49,5.27,10.46,12.28,7.95,—,9.65,—,454.59,13.93,468.52
1978–1979,266.76,56.00,113.64,6.65,12.60,12.88,8.35,—,10.79,—,487.68,12.89,500.57
1979–1980,284.46,62.99,119.14,7.32,14.66,16.70,11.02,—,11.84,—,528.13,8.14,536.27
1980–1981,315.07,69.58,140.63,8.43,17.96,18.56,11.74,—,14.82,—,596.78,12.46,609.24
1981–1982,372.86,78.45,162.08,9.36,22.29,20.95,12.46,—,18.69,—,697.13,16.73,713.86
1982–1983,428.90,89.64,190.59,10.77,28.15,24.83,14.33,—,22.26,—,809.46,13.07,822.53
1983–1984,468.24,95.46,218.73,12.37,33.51,26.07,13.74,—,24.84,—,892.97,14.72,907.68
1984–1985,497.26,97.28,242.46,13.73,37.82,27.02,13.46,—,27.01,—,956.03,23.67,979.70
1985–1986,530.80,101.54,269.97,15.11,44.59,29.20,13.66,—,34.62,—,"1,039.50",30.05,"1,069.55"
1986–1987,577.92,108.00,310.53,16.38,52.96,33.97,15.20,—,46.30,—,"1,161.26",32.30,"1,193.57"
1987–1988,609.58,121.97,348.15,17.59,61.66,37.92,15.65,—,50.40,—,"1,262.91",24.78,"1,287.69"
1988–1989,650.80,130.41,368.87,18.60,69.14,41.25,16.09,—,58.99,—,"1,354.15",46.18,"1,400.32"
1989–1990,723.40,138.13,383.48,19.96,75.81,46.96,17.59,—,67.67,—,"1,473.01",46.91,"1,519.92"
1990–1991,731.76,144.04,411.45,20.79,88.74,52.98,21.97,—,76.43,—,"1,548.15",41.34,"1,589.49"
1991–1992,817.42,161.96,463.79,22.02,99.78,55.79,19.83,—,86.72,—,"1,727.30",38.13,"1,765.43"
1992–1993,804.44,178.54,443.01,22.16,115.92,60.88,17.19,—,99.94,—,"1,742.07",40.57,"1,782.64"
1993–1994,787.36,156.37,423.23,21.39,116.88,64.26,16.21,—,99.24,—,"1,684.95",44.13,"1,729.08"
1994–1995,757.91,157.36,431.11,20.54,113.23,77.45,16.80,—,102.34,—,"1,676.75",51.78,"1,728.53"
1995–1996,740.04,152.87,405.12,20.11,130.03,79.13,15.31,—,91.95,—,"1,634.56",47.01,"1,681.57"
1996–1997,751.90,149.38,411.44,22.20,120.43,80.37,15.38,—,89.68,—,"1,640.76",47.88,"1,688.64"
1997–1998,687.78,154.02,441.30,24.19,126.79,90.48,17.70,—,99.71,—,"1,641.98",53.11,"1,695.09"
1998–1999,746.30,166.33,443.88,21.92,139.36,99.56,22.16,—,104.92,—,"1,744.44",54.68,"1,799.12"
1999–2000,772.93,178.14,455.53,22.02,150.24,97.74,24.90,—,123.07,—,"1,824.56",75.50,"1,900.06"
2000–2001,875.00,185.46,479.38,22.62,171.28,108.10,23.86,—,128.93,—,"1,994.62",94.84,"2,089.46"
2001–2002,856.56,197.79,492.96,24.07,190.56,125.00,28.16,—,116.10,—,"2,031.20",99.71,"2,130.92"
2002–2003,938.79,215.24,502.43,24.48,215.87,133.02,33.66,—,125.37,—,"2,188.86",108.71,"2,297.57"
2003–2004,"1,013.63",244.02,541.82,25.45,235.84,186.64,35.57,—,122.65,—,"2,405.62",128.23,"2,533.85"
2004–2005,"1,099.05",286.89,574.70,24.14,259.06,152.04,36.50,—,104.30,—,"2,536.68",131.44,"2,668.12"
2005–2006 ,"1,115.02",306.26,624.11,12.76,279.16,197.62,38.08,—,117.16,—,"2,690.17",129.27,"2,819.44"
2006–2007 ,"1,177.86",319.58,672.99,14.73,295.55,202.03,42.12,—,123.26,—,"2,848.12",138.85,"2,986.97"
2007–2008 ,"1,230.69",339.64,726.25,18.88,299.33,210.94,45.90,—,131.75,—,"3,003.38",151.06,"3,154.44"
2008–2009 ,"1,291.64",354.92,789.99,22.74,320.22,222.96,31.32,—,156.77,—,"3,190.56",161.72,"3,352.28"
2009–2010,"1,331.40",364.63,836.12,26.00,344.45,238.01,31.38,—,151.97,—,"3,323.95",201.07,"3,525.02"
2010–2011 ,"1,367.58",377.32,880.39,28.45,326.62,244.88,33.34,—,156.50,—,"3,415.09",225.98,"3,641.06"
2011–2012,"1,406.14",390.37,919.38,31.23,331.01,259.03,30.69,—,165.07,—,"3,532.92",179.55,"3,712.46"
2012–2013 ,"1,419.41",362.24,927.03,33.91,325.18,255.58,32.25,227.62,105.57,—,"3,688.79",184.11,"3,872.90"
2013–2014 ,"1,463.15",371.22,934.22,26.72,330.87,218.39,33.75,243.09,105.37,—,"3,726.79",159.79,"3,886.59"
2014–2015,"1,466.33",380.64,962.48,23.27,354.47,230.37,34.96,255.69,109.62,—,"3,817.82",165.03,"3,982.85"
2015–2016,"1,471.26",389.12,959.68,24.07,371.80,238.32,39.15,264.69,111.98,—,"3,870.06",186.74,"4,056.80"
2016–2017,"1,492.18",389.14,967.63,24.96,355.04,248.47,40.99,274.60,110.31,—,"3,903.32",180.39,"4,083.71"
2017–2018,"1,522.04",395.66,995.39,25.19,378.89,257.00,49.34,266.28,115.47,—,"4,005.26",164.72,"4,169.98"
2018–2019,"1,560.36",410.98,"1,013.73",25.97,399.68,261.52,47.54,276.56,117.98,—,"4,114.32",155.90,"4,270.22"
2019–2020,"1,563.29",414.03,"1,058.17",26.51,393.46,296.68,42.97,281.21,118.87,3.63,"4,198.83",160.37,"4,359.20"
2020–2021,"1,638.97",436.74,"1,006.14",24.30,404.79,295.74,29.70,286.77,112.35,589.95,"4,825.43",232.63,"5,058.06"
2021–2022,"1,631.66",485.40,"1,087.22",28.53,431.29,325.15,27.59,295.43,123.76,630.14,"5,066.16",178.77,"5,244.93"
2022–2023,"1,852.92",607.16,"1,147.42",32.86,440.48,459.89,40.73,330.76,131.71,—,"5,043.92",206.87,"5,250.80"
2023–2024 f,"1,840.04",662.58,"1,147.00",32.53,442.30,376.32,39.10,338.22,130.86,—,"5,008.96",172.83,"5,181.79"
2024–2025 f,"1,972.30",713.93,"1,129.10",31.93,431.53,357.09,38.67,362.29,137.73,—,"5,174.58",194.30,"5,368.88"
Annual percentage change by year,,,,,,,,,,,,,
Year ,Hospitals,"Other
Institutions",Physicians,"Other
Professionals",Drugs,Public Health,Administration,"Other Health Spending:
Home and Community
Care (HCC)","Other Health
Spending:
Net of HCC","COVID-19
Response Funding",Sub-Total,Capital,Total
1974–1975,—,—,—,—,—,—,—,—,—,—,—,—,—
1975–1976,14.6,27.6,12.9,9.6,256.7,14.6,11.4,—,36.8,—,16.9,7.9,16.5
1976–1977,16.1,13.5,7.1,-0.2,52.5,23.7,-17.3,—,13.5,—,13.4,-2.4,12.9
1977–1978,1.6,9.5,11.6,10.1,24.9,23.1,0.7,—,32.6,—,6.1,4.4,6.1
1978–1979,4.4,5.6,13.1,26.3,20.5,4.9,5.0,—,11.8,—,7.3,-7.5,6.8
1979–1980,6.6,12.5,4.8,10.1,16.3,29.6,32.1,—,9.8,—,8.3,-36.9,7.1
1980–1981,10.8,10.5,18.0,15.2,22.5,11.1,6.4,—,25.2,—,13.0,53.2,13.6
1981–1982,18.3,12.7,15.3,11.0,24.1,12.9,6.2,—,26.1,—,16.8,34.2,17.2
1982–1983,15.0,14.3,17.6,15.1,26.3,18.5,15.0,—,19.1,—,16.1,-21.8,15.2
1983–1984,9.2,6.5,14.8,14.9,19.1,5.0,-4.1,—,11.6,—,10.3,12.6,10.4
1984–1985,6.2,1.9,10.8,11.0,12.8,3.6,-2.1,—,8.7,—,7.1,60.8,7.9
1985–1986,6.7,4.4,11.3,10.0,17.9,8.1,1.6,—,28.2,—,8.7,27.0,9.2
1986–1987,8.9,6.4,15.0,8.4,18.8,16.3,11.3,—,33.7,—,11.7,7.5,11.6
1987–1988,5.5,12.9,12.1,7.4,16.4,11.6,2.9,—,8.9,—,8.8,-23.3,7.9
1988–1989,6.8,6.9,6.0,5.7,12.1,8.8,2.8,—,17.0,—,7.2,86.4,8.7
1989–1990,11.2,5.9,4.0,7.3,9.7,13.8,9.3,—,14.7,—,8.8,1.6,8.5
1990–1991,1.2,4.3,7.3,4.1,17.0,12.8,24.9,—,12.9,—,5.1,-11.9,4.6
1991–1992,11.7,12.4,12.7,5.9,12.4,5.3,-9.8,—,13.5,—,11.6,-7.7,11.1
1992–1993,-1.6,10.2,-4.5,0.7,16.2,9.1,-13.3,—,15.2,—,0.9,6.4,1.0
1993–1994,-2.1,-12.4,-4.5,-3.5,0.8,5.6,-5.7,—,-0.7,—,-3.3,8.8,-3.0
1994–1995,-3.7,0.6,1.9,-3.9,-3.1,20.5,3.6,—,3.1,—,-0.5,17.3,0.0
1995–1996,-2.4,-2.8,-6.0,-2.1,14.8,2.2,-8.9,—,-10.2,—,-2.5,-9.2,-2.7
1996–1997,1.6,-2.3,1.6,10.4,-7.4,1.6,0.4,—,-2.5,—,0.4,1.9,0.4
1997–1998,-8.5,3.1,7.3,9.0,5.3,12.6,15.1,—,11.2,—,0.1,10.9,0.4
1998–1999,8.5,8.0,0.6,-9.4,9.9,10.0,25.2,—,5.2,—,6.2,3.0,6.1
1999–2000,3.6,7.1,2.6,0.5,7.8,-1.8,12.4,—,17.3,—,4.6,38.1,5.6
2000–2001,13.2,4.1,5.2,2.8,14.0,10.6,-4.2,—,4.8,—,9.3,25.6,10.0
2001–2002,-2.1,6.6,2.8,6.4,11.3,15.6,18.0,—,-9.9,—,1.8,5.1,2.0
2002–2003,9.6,8.8,1.9,1.7,13.3,6.4,19.5,—,8.0,—,7.8,9.0,7.8
2003–2004,8.0,13.4,7.8,4.0,9.3,40.3,5.7,—,-2.2,—,9.9,18.0,10.3
2004–2005,8.4,17.6,6.1,-5.2,9.8,-18.5,2.6,—,-15.0,—,5.4,2.5,5.3
2005–2006 ,1.5,6.8,8.6,-47.1,7.8,30.0,4.3,—,12.3,—,6.1,-1.6,5.7
2006–2007 ,5.6,4.3,7.8,15.4,5.9,2.2,10.6,—,5.2,—,5.9,7.4,5.9
2007–2008,4.5,6.3,7.9,28.2,1.3,4.4,9.0,—,6.9,—,5.5,8.8,5.6
2008–2009 ,5.0,4.5,8.8,20.4,7.0,5.7,-31.8,—,19.0,—,6.2,7.1,6.3
2009–2010,3.1,2.7,5.8,14.3,7.6,6.8,0.2,—,-3.1,—,4.2,24.3,5.2
2010–2011 ,2.7,3.5,5.3,9.4,-5.2,2.9,6.2,—,3.0,—,2.7,12.4,3.3
2011–2012,2.8,3.5,4.4,9.7,1.3,5.8,-7.9,—,5.5,—,3.5,-20.5,2.0
2012–2013 ,0.9,-7.2,0.8,8.6,-1.8,-1.3,5.1,—,-36.0,—,4.4,2.5,4.3
2013–2014 ,3.1,2.5,0.8,-21.2,1.7,-14.5,4.7,6.8,-0.2,—,1.0,-13.2,0.4
2014–2015,0.2,2.5,3.0,-12.9,7.1,5.5,3.6,5.2,4.0,—,2.4,3.3,2.5
2015–2016,0.3,2.2,-0.3,3.5,4.9,3.5,12.0,3.5,2.2,—,1.4,13.2,1.9
2016–2017,1.4,0.0,0.8,3.7,-4.5,4.3,4.7,3.7,-1.5,—,0.9,-3.4,0.7
2017–2018,2.0,1.7,2.9,0.9,6.7,3.4,20.4,-3.0,4.7,—,2.6,-8.7,2.1
2018–2019,2.5,3.9,1.8,3.1,5.5,1.8,-3.7,3.9,2.2,—,2.7,-5.4,2.4
2019–2020,0.2,0.7,4.4,2.1,-1.6,13.4,-9.6,1.7,0.8,—,2.1,2.9,2.1
2020–2021,4.8,5.5,-4.9,-8.3,2.9,-0.3,-30.9,2.0,-5.5,"16,145.2",14.9,45.1,16.0
2021–2022,-0.4,11.1,8.1,17.4,6.5,9.9,-7.1,3.0,10.2,6.8,5.0,-23.2,3.7
2022–2023,13.6,25.1,5.5,15.2,2.1,41.4,47.6,12.0,6.4,—,-0.4,15.7,0.1
2023–2024 f,-0.7,9.1,0.0,-1.0,0.4,-18.2,-4.0,2.3,-0.6,—,-0.7,-16.5,-1.3
2024–2025 f,7.2,7.7,-1.6,-1.8,-2.4,-5.1,-1.1,7.1,5.2,—,3.3,12.4,3.6
Notes,,,,,,,,,,,,,
"f: Forecast
Sub-total equals Total minus Capital.
Prior to 2012-2013, home and community care spending data cannot be separated out and is embedded in Other health spending: net of HCC.
COVID-19 Response Funding: Government-budgeted funding for health-related activities as a time-limited emergency response to the COVID-19 pandemic. See more details in the NHEX Methodology Notes.
The federal COVID-19 response funding transfers to the provinces/territories are included in the provincial/territorial government sector.",,,,,,,,,,,,,
Source,,,,,,,,,,,,,
"National Health Expenditure Database, 2024, Canadian Institute for Health Information.",,,,,,,,,,,,,
End of worksheet,,,,,,,,,,,,,
